"If you are under the age of 18, you must have your parent or guardian read these terms of service below and agree to them on your behalf."
"If you do not get your parent or guardian to read and agree to these terms of service, you do not have permission to use the services."
"If you are under the age of 18, you must have your parent or guardian read these terms of service below and agree to them on your behalf."
"If you do not get your parent or guardian to read and agree to these terms of service, you do not have permission to use the services."
"If you are under the age of 13, you do not have permission to use the services."
"If you are under the age of 13, you do not have permission to use the services."
"You are responsible for maintaining the confidentiality of your password and account, if any, and are fully responsible for any and all activities that occur under your password or account."
"You are responsible for maintaining the confidentiality of your password and account, if any, and are fully responsible for any and all activities that occur under your password or account."
"You agree to (a) immediately notify the company of any unauthorized use of your password or account or any other breach of security, and"
"You agree to (a) immediately notify the company of any unauthorized use of your password or account or any other breach of security, and"
"(v) constitutes unsolicited or unauthorized advertising, promotional materials, commercial activities and/or sales, junk mail, spam, chain letters, pyramid schemes, contests, sweepstakes, or any other form of solicitation."
"(v) constitutes unsolicited or unauthorized advertising, promotional materials, commercial activities and/or sales, junk mail, spam, chain letters, pyramid schemes, contests, sweepstakes, or any other form of solicitation."
"You acknowledge that the company does not pre-screen content, but that the company and its designees will have the right (but not the obligation) in their sole discretion to refuse or remove any content that is available via the service."
"You acknowledge that the company does not pre-screen content, but that the company and its designees will have the right (but not the obligation) in their sole discretion to refuse or remove any content that is available via the service."
"If you believe that your work has been copied in a way that constitutes copyright infringement, or that your intellectual property rights have been otherwise violated, you should notify the company of your infringement claim in accordance with the procedure set forth below."
The company will process and investigate notices of alleged infringement and will take appropriate actions under the digital millennium copyright act ( dmca ) and other applicable intellectual property laws with respect to any alleged or actual infringement.
A notification of claimed copyright infringement should be emailed to the company s copyright agent at legal@airfind.com (subject line: dmca takedown request ).
You may also contact us by mail at:
Airfind corp 3401 n.
"Miami ave, suite 230"
"Miami, fl 33127"
"If you believe that your work has been copied in a way that constitutes copyright infringement, or that your intellectual property rights have been otherwise violated, you should notify the company of your infringement claim in accordance with the procedure set forth below."
The company will process and investigate notices of alleged infringement and will take appropriate actions under the digital millennium copyright act ( dmca ) and other applicable intellectual property laws with respect to any alleged or actual infringement.
A notification of claimed copyright infringement should be emailed to the company s copyright agent at
Legal@airfind.com
(subject line: dmca takedown request ).
You may also contact us by mail at:
Airfind corp
3401 n.
"Miami ave, suite 230"
"Miami, fl 33127"
"E) counter-notice: if you believe that your user content that was removed (or to which access was disabled) is not infringing, or that you have the authorization from the copyright owner, the copyright owner s agent, or pursuant to the law, to upload and use the content in your user content, you may send a written counter-notice containing the following information to the copyright agent:"
Your physical or electronic signature.
Identification of the content that has been removed or to which access has been disabled and the location at which the content appeared before it was removed or disabled.
A statement that you have a good faith belief that the content was removed or disabled as a result of mistake or a misidentification of the content.
And
"Your name, address, telephone number, and email address, a statement that you consent to the jurisdiction of the federal court located within san francisco county, california and a statement that you will accept service of process from the person who provided notification of the alleged infringement."
E)
Counter-notice:
"If you believe that your user content that was removed (or to which access was disabled) is not infringing, or that you have the authorization from the copyright owner, the copyright owner s agent, or pursuant to the law, to upload and use the content in your user content, you may send a written counter-notice containing the following information to the copyright agent:"
Your physical or electronic signature.
Identification of the content that has been removed or to which access has been disabled and the location at which the content appeared before it was removed or disabled.
A statement that you have a good faith belief that the content was removed or disabled as a result of mistake or a misidentification of the content.
And
"Your name, address, telephone number, and email address, a statement that you consent to the jurisdiction of the federal court located within san francisco county, california and a statement that you will accept service of process from the person who provided notification of the alleged infringement."
"You agree to release, indemnify and hold the company and its affiliates and their officers, employees, directors, stockholders and agents harmless from any from any and all losses, damages, expenses, including reasonable attorneys fees, rights, claims, actions of any kind and injury (including death) arising out of or relating to your interaction with any other user, use of the service, any user content, your connection to the service, resulting from your use of the service or site, your violation of these terms of service or your violation of any rights of another."
"You agree to release, indemnify and hold the company and its affiliates and their officers, employees, directors, stockholders and agents harmless from any from any and all losses, damages, expenses, including reasonable attorneys fees, rights, claims, actions of any kind and injury (including death) arising out of or relating to your interaction with any other user, use of the service, any user content, your connection to the service, resulting from your use of the service or site, your violation of these terms of service or your violation of any rights of another."
Your use of the service is at your sole risk.
The service is provided on an as is and as available basis.
Your use of the service is at your sole risk.
The service is provided on an as is and as available basis.
"(i) the service will meet your requirements,"
"(i) the service will meet your requirements,"
"(ii) the service will be uninterrupted, timely, secure, or error-free,"
"(ii) the service will be uninterrupted, timely, secure, or error-free,"
"(iii) the results that may be obtained from the use of the service will be accurate or reliable,"
"(iii) the results that may be obtained from the use of the service will be accurate or reliable,"
"In no event will the company s total liability to you for all damages, losses or causes of action exceed the amount you have paid the company in the last six (6) months, or, if greater, one hundred dollars ($100)."
"In no event will the company s total liability to you for all damages, losses or causes of action exceed the amount you have paid the company in the last six (6) months, or, if greater, one hundred dollars ($100)."
"At the company s or your election, all disputes, claims, or controversies arising out of or relating to the terms of service or the service that are not resolved by mutual agreement may be resolved by binding arbitration to be conducted before jams, or its successor."
"At the company s or your election, all disputes, claims, or controversies arising out of or relating to the terms of service or the service that are not resolved by mutual agreement may be resolved by binding arbitration to be conducted before jams, or its successor."
"You agree that the company, in its sole discretion, may suspend or terminate your account (or any part thereof) or use of the service and remove and discard any content within the service, for any reason, including, without limitation, for lack of use or if the company believes that you have violated or acted inconsistently with the letter or spirit of these terms of service."
"You agree that the company, in its sole discretion, may suspend or terminate your account (or any part thereof) or use of the service and remove and discard any content within the service, for any reason, including, without limitation, for lack of use or if the company believes that you have violated or acted inconsistently with the letter or spirit of these terms of service."
"The company may also in its sole discretion and at any time discontinue providing the service, or any part thereof, with or without notice."
"The company may also in its sole discretion and at any time discontinue providing the service, or any part thereof, with or without notice."
You agree that you are solely responsible for your interactions with any other user in connection with the service and the company will have no liability or responsibility with respect thereto.
You agree that you are solely responsible for your interactions with any other user in connection with the service and the company will have no liability or responsibility with respect thereto.
"The company reserves the right, but has no obligation, to become involved in any way with disputes between you and any other user of the service."
"The company reserves the right, but has no obligation, to become involved in any way with disputes between you and any other user of the service."
"By continuing to access or use the services after we have posted a modification on the site or services or have provided you with notice of a modification, you are indicating that you agree to be bound by the modified terms of service."
"By continuing to access or use the services after we have posted a modification on the site or services or have provided you with notice of a modification, you are indicating that you agree to be bound by the modified terms of service."
The failure of the company to exercise or enforce any right or provision of these terms of service will not constitute a waiver of such right or provision.
The failure of the company to exercise or enforce any right or provision of these terms of service will not constitute a waiver of such right or provision.
"If any provision of these terms of service is found by a court of competent jurisdiction to be invalid, the parties nevertheless agree that the court should endeavor to give effect to the parties intentions as reflected in the provision, and the other provisions of these terms of service remain in full force and effect."
"If any provision of these terms of service is found by a court of competent jurisdiction to be invalid, the parties nevertheless agree that the court should endeavor to give effect to the parties intentions as reflected in the provision, and the other provisions of these terms of service remain in full force and effect."
