"Date of last revision: october 7, 2020"
"Date of last revision: october 7, 2020"
"Where applicable and permitted under applicable law, you also agree to waive and not enforce any moral rights or rights, such as your right to be identified as the author of your user content,"
"Where applicable and permitted under applicable law, you also agree to waive and not enforce any moral rights or rights, such as your right to be identified as the author of your user content,"
"Including feedback,"
"Including feedback,"
"These other resources are not under our control, and you acknowledge that we are not responsible or liable for the content, functions, accuracy, legality, appropriateness or any other aspect of such websites or resources."
"These other resources are not under our control, and you acknowledge that we are not responsible or liable for the content, functions, accuracy, legality, appropriateness or any other aspect of such websites or resources."
"We may terminate your access to all or any part of the services at any time, for any reason, which may result in the forfeiture and destruction of all information, including user content, associated with your account."
"We may terminate your access to all or any part of the services at any time, for any reason, which may result in the forfeiture and destruction of all information, including user content, associated with your account."
"The services are provided as is , as available"
"The services are provided as is , as available"
"You will defend, indemnify, and hold harmless us, our affiliates and each of our and their respective employees, directors, suppliers, partners, contractors, third-party licensors and representatives (the indemnified parties ) from all liabilities, claims, and expenses, including reasonable attorneys fees, that arise from or relate to (1) your breach, or alleged breach, of the terms."
(2) any user content that you post or otherwise contribute or make available.
(3) any activity in which you engage on or through the services.
(4) your violation of any law or the rights of a third party.
And (5) any dispute you may have with another user or collaborator in connection with any user content or use of the services.
"You will defend, indemnify, and hold harmless us, our affiliates and each of our and their respective employees, directors, suppliers, partners, contractors, third-party licensors and representatives (the"
Indemnified parties
") from all liabilities, claims, and expenses, including reasonable attorneys fees, that arise from or relate to (1) your breach, or alleged breach, of the terms."
(2) any user content that you post or otherwise contribute or make available.
(3) any activity in which you engage on or through the services.
(4) your violation of any law or the rights of a third party.
And (5) any dispute you may have with another user or collaborator in connection with any user content or use of the services.
Our failure to enforce any part of these terms will not constitute a waiver of our right to later enforce that or any other part of these terms
Our failure to enforce any part of these terms will not constitute a waiver of our right to later enforce that or any other part of these terms
