"In the case of a visitor who may infringe or repeatedly infringes the copyrights or other intellectual property rights of qualified or others, qualified may, in its discretion, terminate or deny access to and use of the website."
"Provide the address, if available, to allow qualified to notify the owner/ administrator of the allegedly infringing webpage or other content, including email address."
The website is available only to individuals who are at least 13 years old. the website is available only to individuals who are at least 13 years old.
1.
Posts must be referenced by either the dates in which they appear or by the permalink of the post.
"The form of notice set forth below is consistent with the form suggested by the united states digital millennium copyright act (""dmca"") which may be found at the u.s."
"To promote collaboration and create a living resource, all kata solutions are actively opensourced under the freebsd 2-clause license."
"If you believe that material located on or linked to by qualified violates your copyright, you are encouraged to notify qualified."
"Your physical or electronic signature send the written notification via regular postal mail to the following: qualified inc. attn: dmca takedown 559 s saliman rd unit 101 carson city, nv 89701 or email notification to info@codewars.com. as qualified asks others to respect its intellectual property rights, it respects the intellectual property rights of others."
"Copyright official website: http://www.copyright.gov. to expedite qualified's handling of your notice, please use the following format or refer to section 512(c)(3) of the copyright act."
"Your physical or electronic signature send the written notification via regular postal mail to the following: qualified inc. attn: dmca takedown 559 s saliman rd unit 101 carson city, nv 89701 or email notification to info@codewars.com."
"This includes identification of the web page or specific posts, as opposed to entire sites."
"Submitting content in the form of kata solutions and comments, you license the content under the freebsd 2-clause license submitting content in the form of kata solutions and comments, you license the content under the freebsd 2-clause license for submitted content, including authored kata, kata solutions, and comments, you grant qualified the perpetual, worldwide, non-exclusive, nocharge, royalty-free, irrevocable copyright license to reproduce, prepare derivative works of, publicly display, publicly perform, sublicense, and distribute the work and such derivative works in source or object form, with or without modification (âcontent licenseâ)."
"To expedite qualified's handling of your notice, please use the following format or refer to section 512(c)(3) of the copyright act."
"If you create an account on the website, you are responsible for maintaining the security of your account and its content, and you are fully responsible for all activities that occur under the account and any other actions taken in connection with the account."
"In the case of such termination, qualified will have no obligation to provide a refund of any amounts previously paid to qualified."
Identify in sufficient detail the copyrighted work you believe has been infringed upon.
Copyright official website: http://www.copyright.gov.
Identify the material that you allege is infringing upon the copyrighted work listed in item #1 above.
4.
2.
"Provide information on which qualified may contact you, including your email address, name, telephone number and physical address."
3.
"Also include a statement of the following: âi have a good faith belief that use of the copyrighted materials described above on the infringing web pages is not authorized by the copyright owner, or its agent, or the law.â 6."
Include the name of the concerned litigious material (all images or posts if relevant) with its complete reference.
"Also include the following statement: âi swear, under penalty of perjury, that the information in this notification is accurate and that i am the copyright owner, or am authorized to act on behalf of the owner, of an exclusive right that is allegedly infringed.â 7."
"For submitted content, including authored kata, kata solutions, and comments, you grant qualified the perpetual, worldwide, non-exclusive, nocharge, royalty-free, irrevocable copyright license to reproduce, prepare derivative works of, publicly display, publicly perform, sublicense, and distribute the work and such derivative works in source or object form, with or without modification (âcontent licenseâ)."
"As qualified asks others to respect its intellectual property rights, it respects the intellectual property rights of others."
5.
"Include the url to the concerned material infringing your copyright (url of a website or url to a post, with title, date, name of the emitter), or link to initial post with sufficient data to find it."
"Qualified will respond to all such notices, including as required or appropriate by removing the infringing material or disabling all links to the infringing material."
