"Terms of service these terms of service came into effect on may 25th, 2020"
Terms of service
These terms of service came into effect on
"May 25th, 2020"
We still have our previous terms of service online
We still have our previous terms of service online
This service is provided only to individuals who are at least 18 years old or minors who have parental permission to open and maintain an account.
This service is provided only to individuals who are at least 18 years old or minors who have parental permission to open and maintain an account.
Member conduct
"As a condition of your use of the service, you warrant to fastmail that you will not use the service for any purpose that is unlawful or prohibited by these terms."
Member conduct
"As a condition of your use of the service, you warrant to fastmail that you will not use the service for any purpose that is unlawful or prohibited by these terms."
"Defame, abuse, harass, stalk, threaten or otherwise violate the legal rights (such as rights of privacy and publicity) of others."
"Defame, abuse, harass, stalk, threaten or otherwise violate the legal rights (such as rights of privacy and publicity) of others."
"Publish, distribute or disseminate any inappropriate, profane, defamatory, infringing, obscene, indecent or unlawful material or information."
"Publish, distribute or disseminate any inappropriate, profane, defamatory, infringing, obscene, indecent or unlawful material or information."
"Harvest or otherwise collect information about others, including email addresses, without their consent."
"Harvest or otherwise collect information about others, including email addresses, without their consent."
"Attempt to gain unauthorised access to the service, other accounts, computer systems or networks connected to the service, through password mining or any other means."
"Attempt to gain unauthorised access to the service, other accounts, computer systems or networks connected to the service, through password mining or any other means."
Interfere with another member s use and enjoyment of the service or another individual s or entity s use and enjoyment of similar services.
Interfere with another member s use and enjoyment of the service or another individual s or entity s use and enjoyment of similar services.
"The linked sites are not under the control of fastmail and fastmail is not responsible for the contents of any linked site or any link contained in a linked site, or any changes or updates to such sites"
"The linked sites are not under the control of fastmail and fastmail is not responsible for the contents of any linked site or any link contained in a linked site, or any changes or updates to such sites"
The service is provided as is without warranty of any kind
The service is provided as is without warranty of any kind
"You agree to indemnify and hold fastmail, its parents, subsidiaries, affiliates, officers and employees, harmless from any claim, demand, or damage, including reasonable attorneys fees, asserted by any third party due to or arising out of your use of or conduct on the service."
"You agree to indemnify and hold fastmail, its parents, subsidiaries, affiliates, officers and employees, harmless from any claim, demand, or damage, including reasonable attorneys fees, asserted by any third party due to or arising out of your use of or conduct on the service."
"Fastmail may terminate your access to any part or all of the service and any related service(s) effective immediately if you fail to comply with these terms, or where required to by law."
"Fastmail may terminate your access to any part or all of the service and any related service(s) effective immediately if you fail to comply with these terms, or where required to by law."
"Fastmail will immediately terminate any account which it believes, in its sole discretion, is transmitting or is otherwise connected with any spam or other unsolicited bulk email."
"Fastmail will immediately terminate any account which it believes, in its sole discretion, is transmitting or is otherwise connected with any spam or other unsolicited bulk email."
"Terms are governed by the laws of the state of victoria, and australia, without regard to the conflict or choice of law rules thereof."
"The courts sitting in the state of victoria, australia shall have exclusive jurisdiction over any dispute arising hereunder."
"Terms are governed by the laws of the state of victoria, and australia, without regard to the conflict or choice of law rules thereof."
"The courts sitting in the state of victoria, australia shall have exclusive jurisdiction over any dispute arising hereunder."
"If any part of these terms are determined to be invalid or unenforceable pursuant to applicable law including, but not limited to, the warranty disclaimers and liability limitations set forth above, then the invalid or unenforceable provision will be deemed superseded by a valid, enforceable provision that most closely matches the intent of the original provision and the remainder of these terms shall continue in effect."
"If any part of these terms are determined to be invalid or unenforceable pursuant to applicable law including, but not limited to, the warranty disclaimers and liability limitations set forth above, then the invalid or unenforceable provision will be deemed superseded by a valid, enforceable provision that most closely matches the intent of the original provision and the remainder of these terms shall continue in effect."
You and fastmail agree that any cause of action arising out of or related to these terms and/or the service must commence within one (1) year after the cause of action arose.
"Otherwise, such cause of action is permanently barred."
You and fastmail agree that any cause of action arising out of or related to these terms and/or the service must commence within one (1) year after the cause of action arose.
"Otherwise, such cause of action is permanently barred."
Content uploaded by members
Fastmail does not claim ownership of content you submit or make available for inclusion on the service
Content uploaded by members
Fastmail does not claim ownership of content you submit or make available for inclusion on the service
