"Effective for new signups as of april 8, 2020."
"Effective for new signups as of april 8, 2020."
You represent that you are at least eighteen (18) years of age
You represent that you are at least eighteen (18) years of age
"In order to use our service you are required to open a user account (""user account"")."
"In order to use our service you are required to open a user account (""user account"")."
You are solely responsible for maintaining the confidentiality of your password and account.
"Furthermore, you are entirely responsible for any and all activities that occur under your account."
You are solely responsible for maintaining the confidentiality of your password and account.
"Furthermore, you are entirely responsible for any and all activities that occur under your account."
You agree to notify safervpn immediately of any unauthorized use of your account or any other breach of security.
You agree to notify safervpn immediately of any unauthorized use of your account or any other breach of security.
"N addition, safervpn may stop (permanently or temporarily) providing the service (or any features within the service) to you or to users generally, at safervpn's sole discretion at any time, and without liability to safervpn or notice."
"N addition, safervpn may stop (permanently or temporarily) providing the service (or any features within the service) to you or to users generally, at safervpn's sole discretion at any time, and without liability to safervpn or notice."
You retain your (or your licensors') rights to any comments you post on the site.
You retain your (or your licensors') rights to any comments you post on the site.
"We reserve the right at all times (but will not have an obligation) to remove or refuse to distribute any review on the site and/or to terminate your safervpn account, at any time, without notice and at our sole discretion."
"We reserve the right at all times (but will not have an obligation) to remove or refuse to distribute any review on the site and/or to terminate your safervpn account, at any time, without notice and at our sole discretion."
"To the maximum extent permitted by applicable law, the site and the service are provided ""as is"" and ""as available"", with all faults and without warranty of any kind, and safervpn hereby disclaims all warranties and conditions with respect to the site, the service and/or the features, either express, implied or statutory, including, but not limited to, any warranties of completeness, accuracy, availability, timeliness, usefulness, security, reliability or non-infringement of third-party rights, and any implied warranties of merchantability, of satisfactory quality, or of fitness for a particular purpose."
"To the maximum extent permitted by applicable law, the site and the service are provided ""as is"" and ""as available"", with all faults and without warranty of any kind, and safervpn hereby disclaims all warranties and conditions with respect to the site, the service and/or the features, either express, implied or statutory, including, but not limited to, any warranties of completeness, accuracy, availability, timeliness, usefulness, security, reliability or non-infringement of third-party rights, and any implied warranties of merchantability, of satisfactory quality, or of fitness for a particular purpose."
We reserve the right to remove content alleged to be infringing without prior notice and at our sole discretion.
We reserve the right to remove content alleged to be infringing without prior notice and at our sole discretion.
You and we agree that all disputes and claims between you and us shall be settled by binding arbitration instead of in courts of general jurisdiction.
You and we agree that all disputes and claims between you and us shall be settled by binding arbitration instead of in courts of general jurisdiction.
"Safervpn reserves the right, at any time and from time to time, without liability to safervpn or notice to you, to change any of the provisions of these terms of service."
"Safervpn reserves the right, at any time and from time to time, without liability to safervpn or notice to you, to change any of the provisions of these terms of service."
