"We use ssl encrypted browsing for all logged-in users, but we cannot guarantee that all use will be secure."
We also do not guarantee that the website or any content provided on the website is error free.
"We use ssl encrypted browsing for all logged-in users, but we cannot guarantee that all use will be secure."
We also do not guarantee that the website or any content provided on the website is error free.
We do not guarantee that any content you access on or through the website is or will continue to be accurate.
We do not guarantee that any content you access on or through the website is or will continue to be accurate.
"We reserve the right to, but do not have any obligation to, (i) remove, edit or modify any content in our sole discretion, at any time, without notice to you and for any reason (including, but not limited to, upon receipt of claims or allegations from third parties or authorities relating to such content or if we are concerned that you may have violated these terms of service), or for no reason at all and (ii) to remove or block any content from the website."
"We reserve the right to, but do not have any obligation to, (i) remove, edit or modify any content in our sole discretion, at any time, without notice to you and for any reason (including, but not limited to, upon receipt of claims or allegations from third parties or authorities relating to such content or if we are concerned that you may have violated these terms of service), or for no reason at all and (ii) to remove or block any content from the website."
Your use of taskade is at your sole risk.
The service is provided as is and as available .
Your use of taskade is at your sole risk.
The service is provided as is and as available .
"We are not liable for damages, direct or consequential, resulting from your use of the website, and you agree to defend, indemnify and hold us harmless from any claims, losses, liability costs and expenses arising from your violation of any third-party s rights."
"We are not liable for damages, direct or consequential, resulting from your use of the website, and you agree to defend, indemnify and hold us harmless from any claims, losses, liability costs and expenses arising from your violation of any third-party s rights."
We'll automatically bill you from the date you convert to a paid account and on each periodic renewal until cancellation.
We'll automatically bill you from the date you convert to a paid account and on each periodic renewal until cancellation.
Waiver and severabilityour failure to exercise or enforce any right or provision of the terms of service shall not constitute a waiver of such right or provision.
Waiver and severability
Our failure to exercise or enforce any right or provision of the terms of service shall not constitute a waiver of such right or provision.
"If any provision of these terms of service is held by a court of competent jurisdiction to be invalid, illegal or unenforceable for any reason, such provision shall be eliminated or limited to the minimum extent such that the remaining provisions of the terms of service will continue in full force and effect."
"If any provision of these terms of service is held by a court of competent jurisdiction to be invalid, illegal or unenforceable for any reason, such provision shall be eliminated or limited to the minimum extent such that the remaining provisions of the terms of service will continue in full force and effect."
